[ {
  "model": "registry.person",
  "pk": "32153c3b-663b-41e4-afc2-47127a713704",
  "fields": {
    "first_name": "Niteesh",
    "middle_name": "Taral",
    "last_name": "Pavani",
    "email": "niteesh@teleworm.us",
    "phone_number": "+9141112232",
    "identification_document": null,
    "social_security_number": null,
    "date_of_birth": null,
    "created_at": "2018-09-04T12:20:30Z",
    "updated_at": "2018-09-04T12:20:30Z"
  }
}, {
  "model": "registry.person",
  "pk": "44a71f91-a35c-4074-836c-c90f7ae378c7",
  "fields": {
    "first_name": "Hrishikesh",
    "middle_name": "M",
    "last_name": "Ballal",
    "email": "hh@hh.com",
    "phone_number": "",
    "identification_document": "ce0212",
    "social_security_number": "",
    "date_of_birth": "2021-02-11",
    "created_at": "2021-02-02T22:17:12.149Z",
    "updated_at": "2021-02-02T22:17:18.856Z"
  }
}, {
  "model": "registry.person",
  "pk": "5434e29a-d7e6-4462-ab30-73c7a074915c",
  "fields": {
    "first_name": "Rakesh",
    "middle_name": "Kirtikumar",
    "last_name": "Kankipati",
    "email": "Rakeshk@posterous.com",
    "phone_number": "+919122992107",
    "identification_document": null,
    "social_security_number": null,
    "date_of_birth": null,
    "created_at": "2018-09-04T12:20:30Z",
    "updated_at": "2018-09-04T12:20:30Z"
  }
}, {
  "model": "registry.person",
  "pk": "a2f3b8b2-183d-44df-9254-83aca26d01c0",
  "fields": {
    "first_name": "Rachana",
    "middle_name": "S",
    "last_name": "Dhatri",
    "email": "rachna@hotmail.com",
    "phone_number": "+917037380857",
    "identification_document": "",
    "social_security_number": "",
    "date_of_birth": "2021-02-18",
    "created_at": "2018-09-04T12:20:30Z",
    "updated_at": "2021-02-02T22:30:29.428Z"
  }
}, {
  "model": "registry.person",
  "pk": "e61a74c8-7aa4-4dd3-82ba-11b174a44870",
  "fields": {
    "first_name": "Shreyas",
    "middle_name": "",
    "last_name": "More",
    "email": "shreyasmm@gmail.com",
    "phone_number": "+91416852181",
    "identification_document": "",
    "social_security_number": "79464412258",
    "date_of_birth": "1979-09-12",
    "created_at": "2018-09-04T12:20:30Z",
    "updated_at": "2021-02-02T21:43:38.251Z"
  }
}, {
  "model": "registry.address",
  "pk": "1888d6a4-166c-47b3-b519-d78a5ca7b25d",
  "fields": {
    "address_line_1": "11, Teena Society",
    "address_line_2": "Ganesh Chowk",
    "address_line_3": "",
    "postcode": "175575",
    "city": "Ajmer",
    "state": null,
    "country": "IN",
    "created_at": "2018-09-04T12:20:30Z",
    "updated_at": "2018-09-04T12:20:30Z"
  }
}, {
  "model": "registry.address",
  "pk": "28b2f84c-6798-49b9-9114-97d1d14f49f2",
  "fields": {
    "address_line_1": "36, Aarif Society, Jagrutipur",
    "address_line_2": "",
    "address_line_3": "",
    "postcode": "570171",
    "city": "Pondicherry",
    "state": null,
    "country": "IN",
    "created_at": "2018-09-04T12:20:30Z",
    "updated_at": "2018-09-04T12:20:30Z"
  }
}, {
  "model": "registry.address",
  "pk": "72d03da4-a7fb-40f8-a383-f34c1db1c0b0",
  "fields": {
    "address_line_1": "81, Madhavi Society,",
    "address_line_2": "",
    "address_line_3": "Jamnagar",
    "postcode": "260699",
    "city": "Prabhapur",
    "state": null,
    "country": "IN",
    "created_at": "2018-09-04T12:20:30Z",
    "updated_at": "2018-09-04T12:20:30Z"
  }
}, {
  "model": "registry.address",
  "pk": "8ddda026-2995-44ef-9eab-55e396eaef0d",
  "fields": {
    "address_line_1": "185-186/1, Narendra Singh Marg",
    "address_line_2": "",
    "address_line_3": "",
    "postcode": "595974",
    "city": "Simla",
    "state": null,
    "country": "IN",
    "created_at": "2018-09-04T12:20:30Z",
    "updated_at": "2018-09-04T12:20:30Z"
  }
}, {
  "model": "registry.address",
  "pk": "a7646ce2-f7df-48a9-9ff8-98dfd04794be",
  "fields": {
    "address_line_1": "85, Vijay Apartments",
    "address_line_2": "",
    "address_line_3": "",
    "postcode": "290580",
    "city": "Gurgaon",
    "state": null,
    "country": "IN",
    "created_at": "2018-09-04T12:20:30Z",
    "updated_at": "2018-09-04T12:20:30Z"
  }
}, {
  "model": "registry.activity",
  "pk": "26b6a66d-5e77-4a43-94e9-630e141a1087",
  "fields": {
    "name": "videotaping",
    "activity_type": 0,
    "created_at": "2021-04-10T20:38:17.887Z",
    "updated_at": "2021-04-10T20:38:17.901Z"
  }
}, {
  "model": "registry.activity",
  "pk": "7a875ff9-79ee-460e-816f-30360e0ac645",
  "fields": {
    "name": "photographing",
    "activity_type": 0,
    "created_at": "2021-04-10T20:38:17.887Z",
    "updated_at": "2021-04-10T20:38:17.901Z"
  }
}, {
  "model": "registry.authorization",
  "pk": "6be25abc-a43d-44d2-9c16-b8dee47bb64d",
  "fields": {
    "title": "SORA V2",
    "operation_max_height": 200,
    "operation_altitude_system": 0,
    "airspace_type": 2,
    "permit_to_fly_above_crowd": false,
    "operation_area_type": 1,
    "risk_type": 6,
    "authorization_type": 1,
    "end_date": "2022-11-30T00:00:00Z",
    "created_at": "2018-09-04T12:20:30Z",
    "updated_at": "2018-09-04T12:20:30Z"
  }
}, {
  "model": "registry.authorization",
  "pk": "e7bfa98c-8e4f-40bd-b42f-62fd3651d7da",
  "fields": {
    "title": "SORA",
    "operation_max_height": 100,
    "operation_altitude_system": 0,
    "airspace_type": 1,
    "permit_to_fly_above_crowd": true,
    "operation_area_type": 1,
    "risk_type": 1,
    "authorization_type": 1,
    "end_date": "2022-11-30T00:00:00Z",
    "created_at": "2018-09-04T12:20:30Z",
    "updated_at": "2018-09-04T12:20:30Z"
  }
}, {
  "model": "registry.operator",
  "pk": "41174c3f-e86c-4e5a-a629-32d4d9da6011",
  "fields": {
    "company_name": "A.J. August Photography",
    "website": "august.com",
    "email": "aj@august.com",
    "phone_number": "+497221816880",
    "expiration": "2022-11-30T00:00:00Z",
    "operator_type": 0,
    "address": "8ddda026-2995-44ef-9eab-55e396eaef0d",
    "created_at": "2018-09-04T12:20:30Z",
    "updated_at": "2018-09-04T12:20:30Z",
    "vat_number": "IE5895475T",    
    "company_number": "489434",
    "country": "NA",
    "operational_authorizations": ["e7bfa98c-8e4f-40bd-b42f-62fd3651d7da"],
    "authorized_activities": ["26b6a66d-5e77-4a43-94e9-630e141a1087", "7a875ff9-79ee-460e-816f-30360e0ac645"]
  }
}, {
  "model": "registry.operator",
  "pk": "566d63bb-cb1c-42dc-9a51-baef0d0a8d04",
  "fields": {
    "company_name": "Electric Inspection",
    "website": "electricinspection.com",
    "email": "contact@electricinspection.com",
    "phone_number": "+9130292487",
    "expiration": "2022-11-30T00:00:00Z",
    "operator_type": 0,
    "address": "72d03da4-a7fb-40f8-a383-f34c1db1c0b0",
    "created_at": "2018-09-04T12:20:30Z",
    "updated_at": "2018-09-04T12:20:30Z",
    "insurance_number": "985049991",
    "company_number": "895884",
    "country": "NA",
    "operational_authorizations": ["6be25abc-a43d-44d2-9c16-b8dee47bb64d"],
    "authorized_activities": ["7a875ff9-79ee-460e-816f-30360e0ac645"]
  }
}, {
  "model": "registry.contact",
  "pk": "a7646ce2-f7df-48a9-9ff8-98dfd04794be",
  "fields": {
    "operator": "41174c3f-e86c-4e5a-a629-32d4d9da6011",
    "person": "e61a74c8-7aa4-4dd3-82ba-11b174a44870",
    "address": "a7646ce2-f7df-48a9-9ff8-98dfd04794be",
    "role_type": 0,
    "created_at": "2018-09-04T12:20:30Z",
    "updated_at": "2018-09-04T12:20:30Z"
  }
}, {
  "model": "registry.contact",
  "pk": "c3ae2bb0-19f6-4738-a53b-cdb0acbaf5b1",
  "fields": {
    "operator": "566d63bb-cb1c-42dc-9a51-baef0d0a8d04",
    "person": "a2f3b8b2-183d-44df-9254-83aca26d01c0",
    "address": "1888d6a4-166c-47b3-b519-d78a5ca7b25d",
    "role_type": 1,
    "created_at": "2018-09-04T12:20:30Z",
    "updated_at": "2018-09-04T12:20:30Z"
  }
}, {
  "model": "registry.test",
  "pk": "ad7a73e4-9d11-4d6f-9e4c-36013fc4ac70",
  "fields": {
    "test_type": 1,
    "taken_at": 0,
    "name": "Advanced RPAS flying in Urban Environments",
    "created_at": "2018-09-04T12:20:30Z",
    "updated_at": "2018-09-04T12:20:30Z"
  }
}, {
  "model": "registry.test",
  "pk": "da7dae8f-3fea-46b6-9076-fe3735817de9",
  "fields": {
    "test_type": 1,
    "taken_at": 0,
    "name": "RPAS Safety Basics",
    "created_at": "2018-09-04T12:20:30Z",
    "updated_at": "2018-09-04T12:20:30Z"
  }
}, {
  "model": "registry.pilot",
  "pk": "2f15a395-65a3-4a73-a492-57c7c470d527",
  "fields": {
    "operator": "41174c3f-e86c-4e5a-a629-32d4d9da6011",
    "person": "5434e29a-d7e6-4462-ab30-73c7a074915c",
    "photo": "https://i.imgur.com/3j5jWDt.png",
    "photo_small": "https://i.imgur.com/p9wrHKC.png",
    "address": "1888d6a4-166c-47b3-b519-d78a5ca7b25d",
    "identification_photo": "https://i.imgur.com/iyabToB.jpg",
    "identification_photo_small": "https://i.imgur.com/3UAP5w1.jpg",
    "created_at": "2018-09-04T12:20:30Z",
    "updated_at": "2018-09-04T12:20:30Z",
    "is_active": true
  }
}, {
  "model": "registry.pilot",
  "pk": "a189b050-a911-4969-a16d-aeb4658cd074",
  "fields": {
    "operator": "41174c3f-e86c-4e5a-a629-32d4d9da6011",
    "person": "e61a74c8-7aa4-4dd3-82ba-11b174a44870",
    "photo": "",
    "photo_small": "",
    "address": "8ddda026-2995-44ef-9eab-55e396eaef0d",
    "identification_photo": "",
    "identification_photo_small": "",
    "created_at": "2021-01-26T21:40:06.026Z",
    "updated_at": "2021-01-26T21:40:06.026Z",
    "is_active": false
  }
}, {
  "model": "registry.pilot",
  "pk": "b3e0f48d-fcf7-439f-9c35-a65a59bf25a1",
  "fields": {
    "operator": "41174c3f-e86c-4e5a-a629-32d4d9da6011",
    "person": "a2f3b8b2-183d-44df-9254-83aca26d01c0",
    "photo": null,
    "photo_small": null,
    "address": "a7646ce2-f7df-48a9-9ff8-98dfd04794be",
    "identification_photo": "https://github.com/openskies-sh/aerobridge/blob/master/sample-data/id-card-sample.jpeg",
    "identification_photo_small": "https://github.com/openskies-sh/aerobridge/blob/master/sample-data/id-card-sample.jpeg",
    "created_at": "2021-05-24T20:26:21.594Z",
    "updated_at": "2021-05-24T20:26:21.604Z",
    "is_active": true
  }
}, {
  "model": "registry.pilot",
  "pk": "d4b8aa2c-0a52-4adc-806a-f363deb6a1e0",
  "fields": {
    "operator": "566d63bb-cb1c-42dc-9a51-baef0d0a8d04",
    "person": "32153c3b-663b-41e4-afc2-47127a713704",
    "photo": "https://i.imgur.com/3j5jWDt.png",
    "photo_small": "https://i.imgur.com/p9wrHKC.png",
    "address": "28b2f84c-6798-49b9-9114-97d1d14f49f2",
    "identification_photo": "https://i.imgur.com/YYc4obB.png",
    "identification_photo_small": "https://i.imgur.com/Lr4JP7H.png",
    "created_at": "2018-09-04T12:20:30Z",
    "updated_at": "2018-09-04T12:20:30Z",
    "is_active": true
  }
}, {
  "model": "registry.testvalidity",
  "pk": "5fec5427-3b27-4704-9068-22f59a2b1261",
  "fields": {
    "test": "ad7a73e4-9d11-4d6f-9e4c-36013fc4ac70",
    "pilot": "b3e0f48d-fcf7-439f-9c35-a65a59bf25a1",
    "taken_at": null,
    "expiration": null
  }
}, {
  "model": "registry.typecertificate",
  "pk": "75f358c6-e8d3-46aa-a3de-172bdcea469d",
  "fields": {
    "type_certificate_id": "1dc42b2a-7e3f-4e87-b23d-353ec8a06705",
    "type_certificate_issuing_country": "IRE",
    "type_certificate_holder": "Agro Products Inc.",
    "type_certificate_holder_country": "IRE"
  }
}, {
  "model": "registry.manufacturer",
  "pk": "4effcea2-e9d4-4696-891f-52d350d68a9f",
  "fields": {
    "full_name": "Sensefly Drones Inc",
    "common_name": "Sensefly",
    "address": null,
    "acronym": "SF",
    "role": "Manufacturer",
    "country": "IRE",
    "digital_sky_id": "0",
    "cin_document": "https://raw.githubusercontent.com/openskies-sh/aerobridge/master/sample-data/Aerobridge-placeholder-document.pdf",
    "gst_document": "https://raw.githubusercontent.com/openskies-sh/aerobridge/master/sample-data/Aerobridge-placeholder-document.pdf",
    "pan_card_document": "https://raw.githubusercontent.com/openskies-sh/aerobridge/master/sample-data/Aerobridge-placeholder-document.pdf",
    "security_clearance_document": "https://raw.githubusercontent.com/openskies-sh/aerobridge/master/sample-data/Aerobridge-placeholder-document.pdf",
    "eta_document": "https://raw.githubusercontent.com/openskies-sh/aerobridge/master/sample-data/Aerobridge-placeholder-document.pdf",
    "created_at": "2021-02-03T22:13:23.468Z",
    "updated_at": "2021-02-03T22:13:23.483Z"
  }
}, {
  "model": "registry.manufacturer",
  "pk": "6f9cd973-15b9-4066-b4d0-1e8bbd0f279d",
  "fields": {
    "full_name": "DJI Holdings Inc",
    "common_name": "DJI",
    "address": null,
    "acronym": "DJI",
    "role": "Manufacturer",
    "country": "IRE",
    "digital_sky_id": "0",
    "cin_document": "https://raw.githubusercontent.com/openskies-sh/aerobridge/master/sample-data/Aerobridge-placeholder-document.pdf",
    "gst_document": "https://raw.githubusercontent.com/openskies-sh/aerobridge/master/sample-data/Aerobridge-placeholder-document.pdf",
    "pan_card_document": "https://raw.githubusercontent.com/openskies-sh/aerobridge/master/sample-data/Aerobridge-placeholder-document.pdf",
    "security_clearance_document": "https://raw.githubusercontent.com/openskies-sh/aerobridge/master/sample-data/Aerobridge-placeholder-document.pdf",
    "eta_document": "https://raw.githubusercontent.com/openskies-sh/aerobridge/master/sample-data/Aerobridge-placeholder-document.pdf",
    "created_at": "2021-02-03T22:13:23.468Z",
    "updated_at": "2021-02-03T22:13:23.483Z"
  }
}, {
  "model": "registry.aircraft",
  "pk": "0450852f-856e-4ecb-beb6-01ccded8529d",
  "fields": {
    "operator": "566d63bb-cb1c-42dc-9a51-baef0d0a8d04",
    "mass": 700,
    "make": "Series 1",
    "master_series": null,
    "series": null,
    "popular_name": null,
    "manufacturer": "4effcea2-e9d4-4696-891f-52d350d68a9f",
    "category": 1,
    "registration_mark": null,
    "sub_category": 7,
    "icao_aircraft_type_designator": "STRM",
    "max_certified_takeoff_weight": "0.000",
    "max_height_attainable": "0.000",
    "commission_date": null,
    "type_certificate": "75f358c6-e8d3-46aa-a3de-172bdcea469d",
    "model": "eBee",
    "digital_sky_uin_number": "0",
    "flight_controller_id": "hTPxqLpuhSHe3TVG",
    "operating_frequency": "0.00",
    "status": 1,
    "photo": "https://i.imgur.com/d8QP0Ay.png",
    "photo_small": "https://i.imgur.com/gwV04ms.png",
    "identification_photo": null,
    "identification_photo_small": null,
    "engine": null,
    "is_registered": false,
    "max_endurance": "0.00",
    "max_range": "0.00",
    "max_speed": "0.00",
    "dimension_length": "0.00",
    "dimension_breadth": "0.00",
    "dimension_height": "0.00",
    "created_at": "2018-09-04T12:20:30Z",
    "updated_at": "2018-09-04T12:20:30Z",
    "manufactured_at": null,
    "dot_permission_document": "https://raw.githubusercontent.com/openskies-sh/aerobridge/master/sample-data/Aerobridge-placeholder-document.pdf",
    "operations_manual_document": "https://raw.githubusercontent.com/openskies-sh/aerobridge/master/sample-data/Aerobridge-placeholder-document.pdf"
  }
}, {
  "model": "registry.aircraft",
  "pk": "0797d9ef-02d9-41cf-93ff-439aaf1609ae",
  "fields": {
    "operator": "41174c3f-e86c-4e5a-a629-32d4d9da6011",
    "mass": 300,
    "make": "Series 2",
    "master_series": null,
    "series": null,
    "popular_name": "Parrot 2",
    "manufacturer": "6f9cd973-15b9-4066-b4d0-1e8bbd0f279d",
    "category": 1,
    "registration_mark": null,
    "sub_category": 7,
    "icao_aircraft_type_designator": "HS20",
    "max_certified_takeoff_weight": "0.000",
    "max_height_attainable": "0.000",
    "commission_date": null,
    "type_certificate": "75f358c6-e8d3-46aa-a3de-172bdcea469d",
    "model": "Parrot",
    "digital_sky_uin_number": "0",
    "flight_controller_id": "xZEM5RGvC8thujXX",
    "operating_frequency": "0.00",
    "status": 1,
    "photo": "https://i.imgur.com/qbHNXdQ.jpg",
    "photo_small": "https://i.imgur.com/DXHpWtK.jpg",
    "identification_photo": null,
    "identification_photo_small": null,
    "engine": null,
    "is_registered": false,
    "max_endurance": "0.00",
    "max_range": "0.00",
    "max_speed": "0.00",
    "dimension_length": "0.00",
    "dimension_breadth": "0.00",
    "dimension_height": "0.00",
    "created_at": "2018-09-04T12:20:30Z",
    "updated_at": "2018-09-04T12:20:30Z",
    "manufactured_at": null,
    "dot_permission_document": "https://raw.githubusercontent.com/openskies-sh/aerobridge/master/sample-data/Aerobridge-placeholder-document.pdf",
    "operations_manual_document": "https://raw.githubusercontent.com/openskies-sh/aerobridge/master/sample-data/Aerobridge-placeholder-document.pdf"
  }
}, {
  "model": "registry.aircraft",
  "pk": "71ad4100-8199-4cef-9422-c1ea47cdb32a",
  "fields": {
    "operator": "41174c3f-e86c-4e5a-a629-32d4d9da6011",
    "mass": 300,
    "make": "Series 2",
    "master_series": "",
    "series": "",
    "popular_name": "Parrot 2",
    "manufacturer": "6f9cd973-15b9-4066-b4d0-1e8bbd0f279d",
    "category": 1,
    "registration_mark": "",
    "sub_category": 7,
    "icao_aircraft_type_designator": "HS20",
    "max_certified_takeoff_weight": "0.000",
    "max_height_attainable": "0.000",
    "commission_date": null,
    "type_certificate": "75f358c6-e8d3-46aa-a3de-172bdcea469d",
    "model": "Parrot",
    "digital_sky_uin_number": "0",
    "flight_controller_id": "VrH5FX7SJfutJCRV",
    "operating_frequency": "0.00",
    "status": 1,
    "photo": "https://i.imgur.com/qbHNXdQ.jpg",
    "photo_small": "https://i.imgur.com/DXHpWtK.jpg",
    "identification_photo": "",
    "identification_photo_small": "",
    "engine": null,
    "is_registered": false,
    "max_endurance": "0.00",
    "max_range": "0.00",
    "max_speed": "0.00",
    "dimension_length": "0.00",
    "dimension_breadth": "0.00",
    "dimension_height": "0.00",
    "created_at": "2021-01-26T21:38:05.942Z",
    "updated_at": "2021-01-26T21:38:05.943Z",
    "manufactured_at": null,
    "dot_permission_document": "https://raw.githubusercontent.com/openskies-sh/aerobridge/master/sample-data/Aerobridge-placeholder-document.pdf",
    "operations_manual_document": "https://raw.githubusercontent.com/openskies-sh/aerobridge/master/sample-data/Aerobridge-placeholder-document.pdf"
  }
}, {
  "model": "gcs_operations.flightplan",
  "pk": "ec565c01-2b35-4f4f-9e01-77093d77521c",
  "fields": {
    "name": "Flight ggqkqr",
    "geo_json": "{\"type\":\"FeatureCollection\",\"features\":[{\"type\":\"Feature\",\"properties\":{},\"geometry\":{\"type\":\"Polygon\",\"coordinates\":[[[6.328125,25.16517336866393],[29.53125,25.16517336866393],[29.53125,41.50857729743935],[6.328125,41.50857729743935],[6.328125,25.16517336866393]]]}}]}",
    "start_datetime": "2021-02-06T14:30:30Z",
    "end_datetime": "2021-02-06T14:30:30Z",
    "created_at": "2021-02-06T14:30:57.030Z",
    "updated_at": "2021-02-06T14:30:57.033Z"
  }
}, {
  "model": "gcs_operations.flightoperation",
  "pk": "6a32cf0b-d5e1-452b-bd84-24495363150d",
  "fields": {
    "name": "London flight ops",
    "drone": "0797d9ef-02d9-41cf-93ff-439aaf1609ae",
    "flight_plan": "ec565c01-2b35-4f4f-9e01-77093d77521c",
    "purpose": "26b6a66d-5e77-4a43-94e9-630e141a1087",
    "type_of_operation": 0,
    "created_at": "2021-02-06T14:31:18.598Z"
  }
}, {
  "model": "gcs_operations.transaction",
  "pk": "113ebee9-bab4-4fe8-89b4-0015543a2807",
  "fields": {
    "prefix": "tsc_signing",
    "aircraft": "71ad4100-8199-4cef-9422-c1ea47cdb32a",
    "created_at": "2021-01-26T22:39:06.486Z",
    "updated_at": "2021-01-26T22:39:06.486Z"
  }
}, {
  "model": "gcs_operations.transaction",
  "pk": "32183207-e6e3-41a1-a967-6e806fe3cefd",
  "fields": {
    "prefix": "tsc_signing",
    "aircraft": "0450852f-856e-4ecb-beb6-01ccded8529d",
    "created_at": "2020-12-06T21:47:56.523Z",
    "updated_at": "2020-12-06T21:47:56.523Z"
  }
}, {
  "model": "gcs_operations.transaction",
  "pk": "4d27e021-6d01-4bfc-a7e4-48fe4e80cdae",
  "fields": {
    "prefix": "registration",
    "aircraft": "71ad4100-8199-4cef-9422-c1ea47cdb32a",
    "created_at": "2021-04-24T21:06:25.613Z",
    "updated_at": "2021-04-24T21:06:25.613Z"
  }
}, {
  "model": "gcs_operations.transaction",
  "pk": "5db00a5b-a624-4cf8-8bfe-1774b8a8e42b",
  "fields": {
    "prefix": "tsc_signing",
    "aircraft": "0797d9ef-02d9-41cf-93ff-439aaf1609ae",
    "created_at": "2020-12-06T21:47:56.494Z",
    "updated_at": "2020-12-06T21:47:56.494Z"
  }
}, {
  "model": "gcs_operations.transaction",
  "pk": "77498eea-2ff5-4803-955e-693a8afd6265",
  "fields": {
    "prefix": "registration",
    "aircraft": "0450852f-856e-4ecb-beb6-01ccded8529d",
    "created_at": "2021-04-24T21:02:42.620Z",
    "updated_at": "2021-04-24T21:02:42.620Z"
  }
}, {
  "model": "gcs_operations.transaction",
  "pk": "c98dcc1b-c309-49f6-94ae-7cb07c3984b9",
  "fields": {
    "prefix": "registration",
    "aircraft": "0797d9ef-02d9-41cf-93ff-439aaf1609ae",
    "created_at": "2021-04-24T21:02:18.770Z",
    "updated_at": "2021-04-24T21:02:18.770Z"
  }
}, {
  "model": "gcs_operations.flightpermission",
  "pk": "1d42d4d2-beed-4a1f-acb4-a7f2a7581551",
  "fields": {
    "operation": "6a32cf0b-d5e1-452b-bd84-24495363150d",
    "is_successful": false,
    "created_at": "2021-02-06T14:31:23.665Z",
    "updated_at": "2021-02-06T14:31:23.667Z",
    "artefact": ""
  }
}, {
  "model": "digitalsky_provider.digitalskylog",
  "pk": "d5e30383-5dce-4c25-aad3-24aade181545",
  "fields": {
    "txn": "32183207-e6e3-41a1-a967-6e806fe3cefd",
    "response_code": "200",
    "response": "Response from DGCA Server stored here",
    "timestamp": "2021-02-06T22:32:05Z",
    "created_at": "2021-02-06T22:32:15.407Z",
    "updated_at": "2021-02-06T22:32:15.409Z"
  }
}]